"","ID","score1"
"1",1,"83"
"2",2,"100"
"3",3,"96"
"4",4,"83"
"5",5,"81"
"6",6,"83"
"7",7,"83"
"8",8,"83"
"9",9,"83"
"10",10,"81"
"11",11,"83"
"12",12,"96"
"13",13,"83"
"14",14,"83"
"15",15,"83"
"16",16,"96"
"17",17,"83"
"18",18,"81"
"19",19,"83"
"20",20,"96"
"21",21,"83"
"22",22,"83"
"23",23,"83"
"24",24,"83"
"25",25,"96"
"26",26,"81"
"27",27,"83"
"28",28,"81"
"29",29,"83"
"30",30,"96"
"31",31,"83"
"32",32,"81"
"33",33,"96"
"34",34,"96"
"35",35,"81"
"36",36,"83"
"37",37,"83"
"38",38,"83"
"39",39,"96"
"40",40,"83"
"41",41,"83"
"42",42,"83"
"43",43,"83"
"44",44,"83"
"45",45,"96"
"46",46,"83"
"47",47,"81"
"48",48,"83"
"49",49,"83"
"50",50,"96"
"51",51,"83"
"52",52,"83"
"53",53,"81"
"54",54,"100"
"55",55,"81"
"56",56,"83"
"57",57,"83"
"58",58,"96"
"59",59,"96"
"60",60,"81"
"61",61,"83"
"62",62,"83"
"63",63,"83"
"64",64,"83"
"65",65,"83"
"66",66,"96"
"67",67,"83"
"68",68,"83"
"69",69,"81"
"70",70,"83"
"71",71,"83"
"72",72,"81"
"73",73,"96"
"74",74,"81"
"75",75,"96"
"76",76,"83"
"77",77,"83"
"78",78,"96"
"79",79,"96"
"80",80,"83"
"81",81,"100"
"82",82,"96"
"83",83,"83"
"84",84,"83"
"85",85,"81"
"86",86,"83"
"87",87,"83"
"88",88,"81"
"89",89,"96"
"90",90,"83"
"91",91,"81"
"92",92,"96"
"93",93,"81"
"94",94,"83"
"95",95,"96"
"96",96,"96"
"97",97,"96"
"98",98,"83"
"99",99,"83"
"100",100,"83"
"101",101,"96"
"102",102,"100"
"103",103,"83"
"104",104,"83"
"105",105,"96"
"106",106,"83"
"107",107,"73"
"108",108,"83"
"109",109,"83"
"110",110,"81"
"111",111,"81"
"112",112,"83"
"113",113,"69"
"114",114,"83"
"115",115,"100"
"116",116,"83"
"117",117,"96"
"118",118,"81"
"119",119,"96"
"120",120,"83"
"121",121,"96"
"122",122,"83"
"123",123,"96"
"124",124,"83"
"125",125,"100"
"126",126,"83"
"127",127,"83"
"128",128,"83"
"129",129,"100"
"130",130,"96"
"131",131,"83"
"132",132,"54"
"133",133,"96"
"134",134,"96"
"135",135,"81"
"136",136,"81"
"137",137,"83"
"138",138,"83"
"139",139,"83"
"140",140,"96"
"141",141,"83"
"142",142,"100"
"143",143,"96"
"144",144,"83"
"145",145,"100"
"146",146,"83"
"147",147,"67"
"148",148,"96"
"149",149,"96"
"150",150,"83"
"151",151,"96"
"152",152,"96"
"153",153,"83"
"154",154,"96"
"155",155,"96"
"156",156,"96"
"157",157,"83"
"158",158,"96"
"159",159,"83"
"160",160,"83"
"161",161,"83"
"162",162,"83"
"163",163,"83"
"164",164,"83"
"165",165,"83"
"166",166,"83"
"167",167,"83"
"168",168,"96"
"169",169,"69"
"170",170,"83"
"171",171,"100"
"172",172,"83"
"173",173,"81"
"174",174,"100"
"175",175,"83"
"176",176,"81"
"177",177,"83"
"178",178,"83"
"179",179,"100"
"180",180,"83"
"181",181,"83"
"182",182,"83"
"183",183,"81"
"184",184,"96"
"185",185,"100"
"186",186,"96"
"187",187,"96"
"188",188,"83"
"189",189,"83"
"190",190,"83"
"191",191,"83"
"192",192,"69"
"193",193,"83"
"194",194,"83"
"195",195,"83"
"196",196,"83"
"197",197,"83"
"198",198,"83"
"199",199,"100"
"200",200,"96"
"201",201,"83"
"202",202,"96"
"203",203,"83"
"204",204,"81"
"205",205,"69"
"206",206,"69"
"207",207,"96"
"208",208,"69"
"209",209,"83"
"210",210,"69"
"211",211,"83"
"212",212,"83"
"213",213,"100"
"214",214,"69"
"215",215,"100"
"216",216,"83"
"217",217,"83"
"218",218,"83"
"219",219,"83"
"220",220,"100"
"221",221,"83"
"222",222,"100"
"223",223,"83"
"224",224,"83"
"225",225,"96"
"226",226,"83"
"227",227,"96"
"228",228,"83"
"229",229,"83"
"230",230,"100"
"231",231,"69"
"232",232,"96"
"233",233,"83"
"234",234,"69"
"235",235,"83"
"236",236,"100"
"237",237,"100"
"238",238,"69"
"239",239,"83"
"240",240,"69"
"241",241,"83"
"242",242,"83"
"243",243,"83"
"244",244,"83"
"245",245,"100"
"246",246,"83"
"247",247,"83"
"248",248,"83"
"249",249,"100"
"250",250,"69"
"251",251,"96"
"252",252,"83"
"253",253,"83"
"254",254,"69"
"255",255,"83"
"256",256,"100"
"257",257,"83"
"258",258,"69"
"259",259,"100"
"260",260,"69"
"261",261,"83"
"262",262,"100"
"263",263,"69"
"264",264,"69"
"265",265,"100"
"266",266,"69"
"267",267,"69"
"268",268,"100"
"269",269,"83"
"270",270,"83"
"271",271,"69"
"272",272,"96"
"273",273,"83"
"274",274,"69"
"275",275,"100"
"276",276,"96"
"277",277,"83"
"278",278,"69"
"279",279,"83"
"280",280,"96"
"281",281,"83"
"282",282,"83"
"283",283,"83"
"284",284,"83"
"285",285,"100"
"286",286,"83"
"287",287,"100"
"288",288,"69"
"289",289,"83"
"290",290,"69"
"291",291,"69"
"292",292,"83"
"293",293,"83"
"294",294,"100"
"295",295,"69"
"296",296,"83"
"297",297,"83"
"298",298,"69"
"299",299,"69"
"300",300,"83"
"301",301,"100"
"302",302,"54"
"303",303,"83"
"304",304,"69"
"305",305,"69"
"306",306,"83"
"307",307,"69"
"308",308,"100"
"309",309,"69"
"310",310,"83"
"311",311,"83"
"312",312,"83"
"313",313,"100"
"314",314,"100"
"315",315,"83"
"316",316,"69"
"317",317,"83"
"318",318,"69"
"319",319,"100"
"320",320,"69"
"321",321,"83"
"322",322,"83"
"323",323,"69"
"324",324,"83"
"325",325,"100"
"326",326,"69"
"327",327,"69"
"328",328,"69"
"329",329,"69"
"330",330,NA
"331",331,"69"
"332",332,"83"
"333",333,"100"
"334",334,"83"
"335",335,"100"
"336",336,"100"
"337",337,"69"
"338",338,"83"
"339",339,"69"
"340",340,"100"
"341",341,"100"
"342",342,"69"
"343",343,"83"
"344",344,"100"
"345",345,"83"
"346",346,"69"
"347",347,"69"
"348",348,"69"
"349",349,"100"
"350",350,"100"
"351",351,"69"
"352",352,"69"
"353",353,"69"
"354",354,"100"
"355",355,"83"
"356",356,"100"
"357",357,"100"
"358",358,"83"
"359",359,"83"
"360",360,"100"
"361",361,"69"
"362",362,"100"
"363",363,"100"
"364",364,"69"
"365",365,"83"
"366",366,"100"
"367",367,"69"
"368",368,"83"
"369",369,"100"
"370",370,"69"
"371",371,"69"
"372",372,"100"
"373",373,"69"
"374",374,"83"
"375",375,"100"
"376",376,"69"
"377",377,"100"
"378",378,"83"
"379",379,"100"
"380",380,"69"
"381",381,"69"
"382",382,"69"
"383",383,"69"
"384",384,"69"
"385",385,"69"
"386",386,"69"
"387",387,"100"
"388",388,"69"
"389",389,"83"
"390",390,"100"
"391",391,"100"
"392",392,"69"
"393",393,"69"
"394",394,"69"
"395",395,"100"
"396",396,"100"
"397",397,"83"
"398",398,"83"
"399",399,NA
"400",400,"69"
"401",401,"100"
"402",402,"69"
"403",403,"83"
"404",404,"58"
"405",405,"69"
"406",406,"83"
"407",407,"54"
"408",408,"69"
"409",409,"73"
"410",410,"83"
"411",411,"100"
"412",412,"83"
"413",413,"73"
"414",414,"69"
"415",415,"73"
"416",416,"73"
"417",417,"83"
"418",418,"73"
"419",419,"83"
"420",420,"73"
"421",421,"83"
"422",422,"69"
"423",423,"73"
"424",424,"83"
"425",425,"54"
"426",426,"73"
"427",427,"73"
"428",428,"73"
"429",429,"83"
"430",430,"83"
"431",431,"83"
"432",432,"73"
"433",433,"69"
"434",434,"83"
"435",435,"73"
"436",436,"83"
"437",437,"69"
"438",438,"54"
"439",439,"69"
"440",440,"83"
"441",441,"73"
"442",442,"83"
"443",443,"73"
"444",444,"54"
"445",445,"83"
"446",446,"73"
"447",447,"69"
"448",448,"69"
"449",449,"69"
"450",450,"69"
"451",451,"83"
"452",452,"73"
"453",453,"73"
"454",454,"69"
"455",455,"69"
"456",456,"73"
"457",457,"69"
"458",458,"69"
"459",459,"69"
"460",460,"69"
"461",461,"54"
"462",462,"69"
"463",463,"69"
"464",464,"69"
"465",465,"69"
"466",466,"58"
"467",467,"54"
"468",468,"54"
"469",469,"58"
"470",470,"73"
"471",471,"54"
"472",472,"69"
"473",473,"40"
"474",474,"69"
"475",475,"58"
"476",476,"69"
"477",477,"58"
"478",478,"58"
"479",479,"69"
"480",480,"58"
"481",481,"54"
"482",482,"54"
"483",483,"58"
"484",484,"58"
"485",485,"69"
"486",486,"50"
"487",487,"69"
"488",488,"58"
"489",489,"58"
"490",490,"50"
"491",491,"58"
"492",492,"58"
"493",493,"58"
"494",494,"48"
"495",495,"58"
"496",496,"58"
"497",497,"58"
"498",498,"58"
"499",499,"38"
"500",500,"58"
"501",501,"58"
"502",502,"58"
"503",503,"58"
"504",504,"38"
"505",505,"58"
"506",506,"38"
"507",507,"58"
"508",508,"58"
"509",509,"58"
"510",510,"58"
"511",511,"38"
"512",512,"58"
"513",513,"69"
"514",514,"69"
"515",515,"56"
"516",516,"83"
"517",517,"69"
"518",518,"56"
"519",519,"56"
"520",520,"69"
"521",521,"69"
"522",522,"83"
"523",523,"69"
"524",524,"56"
"525",525,"56"
"526",526,"69"
"527",527,"83"
"528",528,"56"
"529",529,"83"
"530",530,"56"
"531",531,"56"
"532",532,"83"
"533",533,"69"
"534",534,"58"
"535",535,"58"
"536",536,"83"
"537",537,"56"
"538",538,"56"
"539",539,"58"
"540",540,"56"
"541",541,"83"
"542",542,"56"
"543",543,"58"
"544",544,"56"
"545",545,"58"
"546",546,"58"
"547",547,"56"
"548",548,"56"
"549",549,"58"
"550",550,"56"
"551",551,"58"
"552",552,"83"
"553",553,"56"
"554",554,"58"
"555",555,"58"
"556",556,"83"
"557",557,"73"
"558",558,"56"
"559",559,"69"
"560",560,"56"
"561",561,"71"
"562",562,"56"
"563",563,"56"
"564",564,"56"
"565",565,"83"
"566",566,"81"
"567",567,"83"
"568",568,"73"
"569",569,"69"
"570",570,"71"
"571",571,"83"
"572",572,"56"
"573",573,"83"
"574",574,"73"
"575",575,"56"
"576",576,"56"
"577",577,"56"
"578",578,"83"
"579",579,"58"
"580",580,"58"
"581",581,"56"
"582",582,"56"
"583",583,"81"
"584",584,"81"
"585",585,"71"
"586",586,"56"
"587",587,"81"
"588",588,"63"
"589",589,"52"
"590",590,"71"
"591",591,"71"
"592",592,"56"
"593",593,"56"
"594",594,"56"
"595",595,"56"
"596",596,"56"
"597",597,"56"
"598",598,"52"
"599",599,"56"
"600",600,"56"
"601",601,"71"
"602",602,"56"
"603",603,"56"
"604",604,"56"
"605",605,"56"
"606",606,"56"
"607",607,"56"
"608",608,"56"
"609",609,"56"
"610",610,"56"
"611",611,"63"
"612",612,"56"
"613",613,"56"
"614",614,"56"
"615",615,"73"
"616",616,"56"
"617",617,"56"
"618",618,"56"
"619",619,"56"
"620",620,"56"
"621",621,"56"
"622",622,"56"
"623",623,"56"
"624",624,"56"
"625",625,"56"
"626",626,"71"
"627",627,"63"
"628",628,"56"
"629",629,"56"
"630",630,"56"
"631",631,"56"
"632",632,"56"
"633",633,"15"
"634",634,"15"
"635",635,"71"
"636",636,"15"
"637",637,"15"
"638",638,"15"
"639",639,"63"
"640",640,"63"
"641",641,"15"
"642",642,"15"
"643",643,"15"
"644",644,"0"
"645",645,"15"
"646",646,"63"
"647",647,"15"
"648",648,"15"
"649",649,"15"
"650",650,"63"
"651",651,"15"
"652",652,"15"
"653",653,"63"
"654",654,"42"
"655",655,"63"
"656",656,"56"
"657",657,"15"
"658",658,"56"
"659",659,"42"
"660",660,"71"
"661",661,"15"
"662",662,"42"
"663",663,"15"
"664",664,"56"
"665",665,"56"
"666",666,"56"
"667",667,"15"
"668",668,"42"
"669",669,"56"
"670",670,"56"
"671",671,"15"
"672",672,"15"
"673",673,"42"
"674",674,"56"
"675",675,"15"
"676",676,"56"
"677",677,"15"
"678",678,"15"
"679",679,"56"
"680",680,"15"
"681",681,"15"
"682",682,"42"
"683",683,"56"
"684",684,"15"
"685",685,"56"
"686",686,"42"
"687",687,"56"
"688",688,"56"
"689",689,"15"
"690",690,"56"
"691",691,"56"
"692",692,"15"
"693",693,"56"
"694",694,"56"
"695",695,"56"
"696",696,"56"
"697",697,"56"
"698",698,"56"
"699",699,"56"
"700",700,"42"
"701",701,"42"
"702",702,"15"
"703",703,"56"
"704",704,"15"
"705",705,"15"
"706",706,"42"
"707",707,"15"
"708",708,"42"
"709",709,"15"
"710",710,"60"
"711",711,"56"
"712",712,"52"
"713",713,"56"
"714",714,"52"
"715",715,"15"
"716",716,"56"
"717",717,"52"
"718",718,"42"
"719",719,"69"
"720",720,"42"
"721",721,"42"
"722",722,"42"
"723",723,"42"
"724",724,"42"
"725",725,"42"
"726",726,"42"
"727",727,"69"
"728",728,"42"
"729",729,"69"
"730",730,"42"
"731",731,"42"
"732",732,"42"
"733",733,"69"
"734",734,"69"
"735",735,"42"
"736",736,"69"
"737",737,"69"
"738",738,"69"
"739",739,"69"
"740",740,"69"
"741",741,"69"
"742",742,"69"
"743",743,"69"
"744",744,"69"
"745",745,"69"
"746",746,"8"
"747",747,"15"
"748",748,"8"
"749",749,"8"
"750",750,"8"
"751",751,"69"
"752",752,"8"
"753",753,"8"
"754",754,"27"
"755",755,"27"
"756",756,"40"
"757",757,"40"
"758",758,"69"
"759",759,"69"
"760",760,"69"
"761",761,"69"
"762",762,"69"
"763",763,"69"
"764",764,"31"
"765",765,"23"
"766",766,"69"
"767",767,"40"
"768",768,"15"
"769",769,"40"
"770",770,"40"
"771",771,"40"
"772",772,"31"
"773",773,"15"
"774",774,"50"
"775",775,"50"
"776",776,"31"
"777",777,"50"
"778",778,"40"
"779",779,"25"
"780",780,"0"
"781",781,"15"
"782",782,"27"
"783",783,"27"
"784",784,"27"
"785",785,"27"
"786",786,"27"
"787",787,"27"
"788",788,"27"
"789",789,"27"
"790",790,"27"
"791",791,"27"
"792",792,"27"
"793",793,"27"
"794",794,"27"
"795",795,"27"
"796",796,"27"
"797",797,"27"
"798",798,"27"
"799",799,"27"
"800",800,"27"
"801",801,"27"
"802",802,"27"
"803",803,"27"
"804",804,"27"
"805",805,"27"
"806",806,"27"
"807",807,"23"
"808",808,"23"
"809",809,"69"
"810",810,"58"
"811",811,"69"
"812",812,"69"
"813",813,"100"
"814",814,"100"
"815",815,"83"
"816",816,"83"
"817",817,"69"
"818",818,"69"
"819",819,"69"
"820",820,"69"
"821",821,"69"
"822",822,"69"
"823",823,"69"
"824",824,"69"
"825",825,"100"
"826",826,"69"
"827",827,"69"
"828",828,"100"
"829",829,"83"
"830",830,"69"
"831",831,"69"
"832",832,"83"
"833",833,"69"
"834",834,"85"
"835",835,"69"
"836",836,"100"
"837",837,"69"
"838",838,"69"
"839",839,"100"
"840",840,"69"
"841",841,"69"
"842",842,"100"
"843",843,"69"
"844",844,"100"
"845",845,"100"
"846",846,"83"
"847",847,"69"
"848",848,"69"
"849",849,"69"
"850",850,"100"
"851",851,"100"
"852",852,"69"
"853",853,"100"
"854",854,"69"
"855",855,"69"
"856",856,"100"
"857",857,"69"
"858",858,"69"
"859",859,"69"
"860",860,"69"
"861",861,"69"
"862",862,"69"
"863",863,"69"
"864",864,"69"
"865",865,"69"
"866",866,"69"
"867",867,"69"
"868",868,"69"
"869",869,"69"
"870",870,"100"
"871",871,"69"
"872",872,"69"
"873",873,"69"
"874",874,"69"
"875",875,"100"
"876",876,"100"
"877",877,"69"
"878",878,"69"
"879",879,"69"
"880",880,"100"
"881",881,"69"
"882",882,"69"
"883",883,"69"
"884",884,"69"
"885",885,"69"
"886",886,"69"
"887",887,"69"
"888",888,"100"
"889",889,"69"
"890",890,"100"
"891",891,"69"
"892",892,"100"
"893",893,"69"
"894",894,"85"
"895",895,"100"
"896",896,"100"
"897",897,"100"
"898",898,"69"
"899",899,"69"
"900",900,"69"
"901",901,"69"
"902",902,"100"
"903",903,"100"
"904",904,"69"
"905",905,"69"
"906",906,"69"
"907",907,"69"
"908",908,"69"
"909",909,"69"
"910",910,"100"
"911",911,"100"
"912",912,"100"
"913",913,"69"
"914",914,"69"
"915",915,"100"
"916",916,"100"
"917",917,"69"
"918",918,"100"
"919",919,"100"
"920",920,"69"
"921",921,"69"
"922",922,"100"
"923",923,"100"
"924",924,"69"
"925",925,"100"
"926",926,"69"
"927",927,"100"
"928",928,"69"
"929",929,"69"
"930",930,"69"
"931",931,"69"
"932",932,"83"
"933",933,"100"
"934",934,"69"
"935",935,"69"
"936",936,"69"
"937",937,"69"
"938",938,"69"
"939",939,"100"
"940",940,"69"
"941",941,"100"
"942",942,"69"
"943",943,"69"
"944",944,"69"
"945",945,"69"
"946",946,"69"
"947",947,"69"
"948",948,"69"
"949",949,"69"
"950",950,"69"
"951",951,"69"
"952",952,"100"
"953",953,"69"
"954",954,"100"
"955",955,"69"
"956",956,"69"
"957",957,"69"
"958",958,"69"
"959",959,"69"
"960",960,"69"
"961",961,"69"
"962",962,"69"
"963",963,"69"
"964",964,"69"
"965",965,"69"
"966",966,"69"
"967",967,"100"
"968",968,"69"
"969",969,"69"
"970",970,"100"
"971",971,"69"
"972",972,"100"
"973",973,"69"
"974",974,"69"
"975",975,"69"
"976",976,"69"
"977",977,"69"
"978",978,"100"
"979",979,"100"
"980",980,"69"
"981",981,"69"
"982",982,"69"
"983",983,"69"
"984",984,"100"
"985",985,"100"
"986",986,"69"
"987",987,"69"
"988",988,"100"
"989",989,"69"
"990",990,"69"
"991",991,"69"
"992",992,"69"
"993",993,"100"
"994",994,"69"
"995",995,"69"
"996",996,"69"
"997",997,"100"
"998",998,"100"
"999",999,"100"
"1000",1000,"69"
"1001",1001,"69"
"1002",1002,"100"
"1003",1003,"69"
"1004",1004,"69"
"1005",1005,"100"
"1006",1006,"100"
"1007",1007,"69"
"1008",1008,"69"
"1009",1009,"69"
"1010",1010,"69"
"1011",1011,"69"
"1012",1012,NA
"1013",1013,"100"
"1014",1014,"69"
"1015",1015,"69"
"1016",1016,"100"
"1017",1017,"69"
"1018",1018,"69"
"1019",1019,"69"
"1020",1020,"69"
"1021",1021,"100"
"1022",1022,"69"
"1023",1023,"100"
"1024",1024,"83"
"1025",1025,"100"
"1026",1026,"69"
"1027",1027,"69"
"1028",1028,"69"
"1029",1029,"69"
"1030",1030,"100"
"1031",1031,"69"
"1032",1032,"69"
"1033",1033,"69"
"1034",1034,"69"
"1035",1035,"100"
"1036",1036,"69"
"1037",1037,"69"
"1038",1038,"69"
"1039",1039,"69"
"1040",1040,"69"
"1041",1041,"69"
"1042",1042,"100"
"1043",1043,"69"
"1044",1044,"100"
"1045",1045,"100"
"1046",1046,"100"
"1047",1047,"100"
"1048",1048,"69"
"1049",1049,"69"
"1050",1050,"69"
"1051",1051,"83"
"1052",1052,"69"
"1053",1053,"69"
"1054",1054,"69"
"1055",1055,"85"
"1056",1056,"69"
"1057",1057,"69"
"1058",1058,"69"
"1059",1059,"69"
"1060",1060,"100"
"1061",1061,"69"
"1062",1062,"69"
"1063",1063,"69"
"1064",1064,"100"
"1065",1065,"69"
"1066",1066,"69"
"1067",1067,"69"
"1068",1068,"100"
"1069",1069,"100"
"1070",1070,"58"
"1071",1071,"69"
"1072",1072,"69"
"1073",1073,"100"
"1074",1074,"69"
"1075",1075,"69"
"1076",1076,"69"
"1077",1077,"69"
"1078",1078,"69"
"1079",1079,"69"
"1080",1080,"69"
"1081",1081,"69"
"1082",1082,"100"
"1083",1083,"69"
"1084",1084,"69"
"1085",1085,"69"
"1086",1086,"69"
"1087",1087,"100"
"1088",1088,"69"
"1089",1089,"58"
"1090",1090,"69"
"1091",1091,"69"
"1092",1092,"69"
"1093",1093,"100"
"1094",1094,"69"
"1095",1095,"100"
"1096",1096,"69"
"1097",1097,"54"
"1098",1098,"69"
"1099",1099,"58"
"1100",1100,"69"
"1101",1101,"100"
"1102",1102,"100"
"1103",1103,"100"
"1104",1104,"100"
"1105",1105,"69"
"1106",1106,"69"
"1107",1107,"69"
"1108",1108,"58"
"1109",1109,"100"
"1110",1110,"69"
"1111",1111,"100"
"1112",1112,"69"
"1113",1113,"69"
"1114",1114,"100"
"1115",1115,"69"
"1116",1116,"69"
"1117",1117,"100"
"1118",1118,"58"
"1119",1119,"54"
"1120",1120,"100"
"1121",1121,"54"
"1122",1122,"69"
"1123",1123,"58"
"1124",1124,"100"
"1125",1125,"69"
"1126",1126,"100"
"1127",1127,"69"
"1128",1128,"69"
"1129",1129,"54"
"1130",1130,"69"
"1131",1131,"100"
"1132",1132,"69"
"1133",1133,"69"
"1134",1134,"100"
"1135",1135,"54"
"1136",1136,"54"
"1137",1137,"69"
"1138",1138,"69"
"1139",1139,"54"
"1140",1140,"100"
"1141",1141,"100"
"1142",1142,"69"
"1143",1143,"54"
"1144",1144,"69"
"1145",1145,"69"
"1146",1146,"69"
"1147",1147,"54"
"1148",1148,"100"
"1149",1149,"58"
"1150",1150,"58"
"1151",1151,"54"
"1152",1152,"58"
"1153",1153,"100"
"1154",1154,"58"
"1155",1155,"58"
"1156",1156,"58"
"1157",1157,"54"
"1158",1158,"58"
"1159",1159,"100"
"1160",1160,"96"
"1161",1161,"54"
"1162",1162,"100"
"1163",1163,"54"
"1164",1164,"58"
"1165",1165,"69"
"1166",1166,"54"
"1167",1167,"100"
"1168",1168,"58"
"1169",1169,"100"
"1170",1170,"54"
"1171",1171,"58"
"1172",1172,"58"
"1173",1173,"58"
"1174",1174,"54"
"1175",1175,"100"
"1176",1176,"54"
"1177",1177,"58"
"1178",1178,"100"
"1179",1179,"54"
"1180",1180,"83"
"1181",1181,"54"
"1182",1182,"58"
"1183",1183,"100"
"1184",1184,"69"
"1185",1185,"58"
"1186",1186,"100"
"1187",1187,"96"
"1188",1188,"54"
"1189",1189,"58"
"1190",1190,"54"
"1191",1191,"69"
"1192",1192,"54"
"1193",1193,"83"
"1194",1194,"100"
"1195",1195,"100"
"1196",1196,"100"
"1197",1197,"58"
"1198",1198,"58"
"1199",1199,"69"
"1200",1200,"54"
"1201",1201,"100"
"1202",1202,"58"
"1203",1203,"96"
"1204",1204,"100"
"1205",1205,"58"
"1206",1206,"35"
"1207",1207,"100"
"1208",1208,"100"
"1209",1209,"58"
"1210",1210,"83"
"1211",1211,"58"
"1212",1212,"58"
"1213",1213,"58"
"1214",1214,"100"
"1215",1215,"54"
"1216",1216,"54"
"1217",1217,"58"
"1218",1218,"100"
"1219",1219,"58"
"1220",1220,"58"
"1221",1221,"69"
"1222",1222,"100"
"1223",1223,"58"
"1224",1224,"88"
"1225",1225,"83"
"1226",1226,"100"
"1227",1227,"83"
"1228",1228,"58"
"1229",1229,"58"
"1230",1230,"58"
"1231",1231,"54"
"1232",1232,"54"
"1233",1233,"73"
"1234",1234,"58"
"1235",1235,"54"
"1236",1236,"54"
"1237",1237,"58"
"1238",1238,"54"
"1239",1239,"58"
"1240",1240,"73"
"1241",1241,"69"
"1242",1242,"54"
"1243",1243,"58"
"1244",1244,"54"
"1245",1245,"35"
"1246",1246,"58"
"1247",1247,"54"
"1248",1248,"58"
"1249",1249,"83"
"1250",1250,"100"
"1251",1251,"58"
"1252",1252,"54"
"1253",1253,"35"
"1254",1254,"58"
"1255",1255,"58"
"1256",1256,"35"
"1257",1257,"100"
"1258",1258,"58"
"1259",1259,"58"
"1260",1260,"58"
"1261",1261,"96"
"1262",1262,"44"
"1263",1263,"73"
"1264",1264,"58"
"1265",1265,"58"
"1266",1266,"25"
"1267",1267,"35"
"1268",1268,"58"
"1269",1269,"35"
"1270",1270,"54"
"1271",1271,"58"
"1272",1272,"58"
"1273",1273,"54"
"1274",1274,"58"
"1275",1275,"69"
"1276",1276,"25"
"1277",1277,"35"
"1278",1278,"58"
"1279",1279,"58"
"1280",1280,"54"
"1281",1281,"100"
"1282",1282,"58"
"1283",1283,"58"
"1284",1284,"35"
"1285",1285,"44"
"1286",1286,"58"
"1287",1287,"73"
"1288",1288,"35"
"1289",1289,"58"
"1290",1290,"58"
"1291",1291,"35"
"1292",1292,"54"
"1293",1293,"83"
"1294",1294,"58"
"1295",1295,"100"
"1296",1296,"35"
"1297",1297,"25"
"1298",1298,"54"
"1299",1299,"100"
"1300",1300,"58"
"1301",1301,"100"
"1302",1302,"25"
"1303",1303,"40"
"1304",1304,"54"
"1305",1305,"44"
"1306",1306,"100"
"1307",1307,"58"
"1308",1308,"25"
"1309",1309,"58"
"1310",1310,"25"
"1311",1311,"58"
"1312",1312,"54"
"1313",1313,"35"
"1314",1314,"100"
"1315",1315,"25"
"1316",1316,"100"
"1317",1317,"58"
"1318",1318,"96"
"1319",1319,"58"
"1320",1320,"54"
"1321",1321,"44"
"1322",1322,"25"
"1323",1323,"100"
"1324",1324,"58"
"1325",1325,"58"
"1326",1326,"35"
"1327",1327,"54"
"1328",1328,"100"
"1329",1329,"100"
"1330",1330,"73"
"1331",1331,"58"
"1332",1332,"100"
"1333",1333,"35"
"1334",1334,"100"
"1335",1335,"25"
"1336",1336,"54"
"1337",1337,"58"
"1338",1338,"35"
"1339",1339,"58"
"1340",1340,"35"
"1341",1341,"100"
"1342",1342,"58"
"1343",1343,"96"
"1344",1344,"96"
"1345",1345,"96"
"1346",1346,"58"
"1347",1347,"100"
"1348",1348,"54"
"1349",1349,"96"
"1350",1350,"100"
"1351",1351,"100"
"1352",1352,"35"
"1353",1353,"58"
"1354",1354,"96"
"1355",1355,"83"
"1356",1356,"35"
"1357",1357,"35"
"1358",1358,"58"
"1359",1359,"100"
"1360",1360,"25"
"1361",1361,"58"
"1362",1362,"58"
"1363",1363,"83"
"1364",1364,"35"
"1365",1365,"54"
"1366",1366,"35"
"1367",1367,"96"
"1368",1368,"96"
"1369",1369,"54"
"1370",1370,"58"
"1371",1371,"35"
"1372",1372,"54"
"1373",1373,"83"
"1374",1374,"35"
"1375",1375,"96"
"1376",1376,"40"
"1377",1377,"40"
"1378",1378,"35"
"1379",1379,"100"
"1380",1380,"40"
"1381",1381,"83"
"1382",1382,"35"
"1383",1383,"40"
"1384",1384,"100"
"1385",1385,"25"
"1386",1386,"35"
"1387",1387,"25"
"1388",1388,"100"
"1389",1389,"25"
"1390",1390,"69"
"1391",1391,"96"
"1392",1392,"100"
"1393",1393,"100"
"1394",1394,"96"
"1395",1395,"35"
"1396",1396,"25"
"1397",1397,"69"
"1398",1398,"40"
"1399",1399,"25"
"1400",1400,"96"
"1401",1401,"96"
"1402",1402,"100"
"1403",1403,"69"
"1404",1404,"35"
"1405",1405,"40"
"1406",1406,"25"
"1407",1407,"25"
"1408",1408,"100"
"1409",1409,"96"
"1410",1410,"40"
"1411",1411,"25"
"1412",1412,"96"
"1413",1413,"35"
"1414",1414,"100"
"1415",1415,"25"
"1416",1416,"58"
"1417",1417,"40"
"1418",1418,"25"
"1419",1419,"100"
"1420",1420,"58"
"1421",1421,"25"
"1422",1422,"25"
"1423",1423,"25"
"1424",1424,"96"
"1425",1425,"100"
"1426",1426,"25"
"1427",1427,"58"
"1428",1428,"96"
"1429",1429,"96"
"1430",1430,"96"
"1431",1431,"25"
"1432",1432,"40"
"1433",1433,"25"
"1434",1434,"96"
"1435",1435,"23"
"1436",1436,"25"
"1437",1437,"25"
"1438",1438,"40"
"1439",1439,"25"
"1440",1440,"25"
"1441",1441,"96"
"1442",1442,"83"
"1443",1443,"23"
"1444",1444,"25"
"1445",1445,"25"
"1446",1446,"40"
"1447",1447,"25"
"1448",1448,"25"
"1449",1449,"25"
"1450",1450,"23"
"1451",1451,"23"
"1452",1452,"25"
"1453",1453,"40"
"1454",1454,"23"
"1455",1455,"25"
"1456",1456,"100"
"1457",1457,"25"
"1458",1458,"96"
"1459",1459,"96"
"1460",1460,"25"
"1461",1461,"100"
"1462",1462,"25"
"1463",1463,"23"
"1464",1464,"23"
"1465",1465,"25"
"1466",1466,"25"
"1467",1467,"25"
"1468",1468,"100"
"1469",1469,"25"
"1470",1470,"96"
"1471",1471,"25"
"1472",1472,"25"
"1473",1473,"25"
"1474",1474,"96"
"1475",1475,"25"
"1476",1476,"25"
"1477",1477,"25"
"1478",1478,"25"
"1479",1479,"23"
"1480",1480,"100"
"1481",1481,"25"
"1482",1482,"25"
"1483",1483,"23"
"1484",1484,"96"
"1485",1485,"25"
"1486",1486,"25"
"1487",1487,"96"
"1488",1488,"25"
"1489",1489,"85"
"1490",1490,"96"
"1491",1491,"25"
"1492",1492,"23"
"1493",1493,"25"
"1494",1494,"23"
"1495",1495,"25"
"1496",1496,"25"
"1497",1497,"25"
"1498",1498,"96"
"1499",1499,"25"
"1500",1500,"25"
"1501",1501,"25"
"1502",1502,"25"
"1503",1503,"96"
"1504",1504,"23"
"1505",1505,"25"
"1506",1506,"96"
"1507",1507,"25"
"1508",1508,"25"
"1509",1509,"25"
"1510",1510,"23"
"1511",1511,"96"
"1512",1512,"25"
"1513",1513,"100"
"1514",1514,"25"
"1515",1515,"96"
"1516",1516,"25"
"1517",1517,"83"
"1518",1518,"85"
"1519",1519,"96"
"1520",1520,"23"
"1521",1521,"100"
"1522",1522,"85"
"1523",1523,"96"
"1524",1524,"25"
"1525",1525,"25"
"1526",1526,"23"
"1527",1527,"23"
"1528",1528,"25"
"1529",1529,"23"
"1530",1530,"25"
"1531",1531,"96"
"1532",1532,"96"
"1533",1533,"85"
"1534",1534,"96"
"1535",1535,"96"
"1536",1536,"73"
"1537",1537,"23"
"1538",1538,"100"
"1539",1539,"25"
"1540",1540,"23"
"1541",1541,"25"
"1542",1542,"83"
"1543",1543,"96"
"1544",1544,"96"
"1545",1545,"25"
"1546",1546,"73"
"1547",1547,"96"
"1548",1548,"83"
"1549",1549,"85"
"1550",1550,"96"
"1551",1551,"83"
"1552",1552,"23"
"1553",1553,"85"
"1554",1554,"96"
"1555",1555,"85"
"1556",1556,"83"
"1557",1557,"73"
"1558",1558,"96"
"1559",1559,"83"
"1560",1560,"83"
"1561",1561,"23"
"1562",1562,"73"
"1563",1563,"69"
"1564",1564,"23"
"1565",1565,"85"
"1566",1566,"83"
"1567",1567,"83"
"1568",1568,"73"
"1569",1569,"73"
"1570",1570,"73"
"1571",1571,"85"
"1572",1572,"83"
"1573",1573,"73"
"1574",1574,"69"
"1575",1575,"83"
"1576",1576,"73"
"1577",1577,"73"
"1578",1578,"73"
"1579",1579,"73"
"1580",1580,"83"
"1581",1581,"85"
"1582",1582,"73"
"1583",1583,"83"
"1584",1584,"83"
"1585",1585,"54"
"1586",1586,"85"
"1587",1587,"85"
"1588",1588,"83"
"1589",1589,"83"
"1590",1590,"54"
"1591",1591,"73"
"1592",1592,"73"
"1593",1593,"54"
"1594",1594,"73"
"1595",1595,"69"
"1596",1596,"83"
"1597",1597,"73"
"1598",1598,"73"
"1599",1599,"69"
"1600",1600,"73"
"1601",1601,"65"
"1602",1602,"0"
"1603",1603,"0"
"1604",1604,"0"
"1605",1605,"13"
"1606",1606,"23"
"1607",1607,"35"
"1608",1608,"23"
"1609",1609,"23"
"1610",1610,"35"
"1611",1611,"23"
"1612",1612,"23"
"1613",1613,"35"
"1614",1614,"23"
"1615",1615,"35"
"1616",1616,"23"
"1617",1617,"35"
"1618",1618,"23"
"1619",1619,"35"
"1620",1620,"35"
"1621",1621,"35"
"1622",1622,"23"
"1623",1623,"35"
"1624",1624,"23"
"1625",1625,"35"
"1626",1626,"23"
"1627",1627,"35"
"1628",1628,"35"
"1629",1629,"35"
"1630",1630,"35"
"1631",1631,"35"
"1632",1632,"35"
"1633",1633,"23"
"1634",1634,"23"
"1635",1635,"23"
"1636",1636,"35"
"1637",1637,"38"
"1638",1638,"23"
"1639",1639,"23"
"1640",1640,"23"
"1641",1641,"23"
"1642",1642,"23"
"1643",1643,"23"
"1644",1644,"23"
"1645",1645,"23"
"1646",1646,"38"
"1647",1647,"23"
"1648",1648,"23"
"1649",1649,"23"
"1650",1650,"23"
"1651",1651,"23"
"1652",1652,"23"
"1653",1653,"23"
"1654",1654,"23"
"1655",1655,"23"
"1656",1656,"23"
"1657",1657,"23"
"1658",1658,"38"
"1659",1659,"23"
"1660",1660,"23"
"1661",1661,"38"
"1662",1662,"38"
"1663",1663,"38"
"1664",1664,"23"
"1665",1665,"38"
"1666",1666,"38"
"1667",1667,"23"
"1668",1668,"38"
"1669",1669,"38"
"1670",1670,"38"
"1671",1671,"38"
"1672",1672,"38"
"1673",1673,"38"
"1674",1674,"38"
"1675",1675,"38"
"1676",1676,"38"
"1677",1677,"23"
"1678",1678,"23"
"1679",1679,"23"
"1680",1680,"23"
"1681",1681,"23"
"1682",1682,"23"
"1683",1683,"71"
"1684",1684,"23"
"1685",1685,"23"
"1686",1686,"73"
"1687",1687,"73"
"1688",1688,"73"
"1689",1689,"71"
"1690",1690,"73"
"1691",1691,"71"
"1692",1692,"38"
"1693",1693,"71"
"1694",1694,"38"
"1695",1695,"73"
"1696",1696,"52"
"1697",1697,"56"
"1698",1698,"38"
"1699",1699,"56"
"1700",1700,"56"
"1701",1701,"58"
"1702",1702,"58"
"1703",1703,"38"
"1704",1704,"71"
"1705",1705,"58"
"1706",1706,"56"
"1707",1707,"23"
"1708",1708,"23"
"1709",1709,"58"
"1710",1710,"23"
"1711",1711,"58"
"1712",1712,"23"
"1713",1713,"58"
"1714",1714,"23"
"1715",1715,"58"
"1716",1716,"58"
"1717",1717,"58"
"1718",1718,"58"
"1719",1719,"58"
"1720",1720,"58"
"1721",1721,"58"
"1722",1722,"58"
"1723",1723,"73"
"1724",1724,"58"
"1725",1725,"73"
"1726",1726,"73"
"1727",1727,"58"
"1728",1728,"58"
"1729",1729,"73"
"1730",1730,"58"
"1731",1731,"58"
"1732",1732,"58"
"1733",1733,"58"
"1734",1734,"73"
"1735",1735,"83"
"1736",1736,"58"
"1737",1737,"73"
"1738",1738,"58"
"1739",1739,"83"
"1740",1740,"58"
"1741",1741,"73"
"1742",1742,"83"
"1743",1743,"83"
"1744",1744,"69"
"1745",1745,"83"
"1746",1746,"73"
"1747",1747,"83"
"1748",1748,"83"
"1749",1749,"73"
"1750",1750,"73"
"1751",1751,"58"
"1752",1752,"83"
"1753",1753,"69"
"1754",1754,"83"
"1755",1755,"83"
"1756",1756,"69"
"1757",1757,"73"
"1758",1758,"83"
"1759",1759,"81"
"1760",1760,"83"
"1761",1761,"69"
"1762",1762,"83"
"1763",1763,"83"
"1764",1764,"69"
"1765",1765,"83"
"1766",1766,"73"
"1767",1767,"73"
"1768",1768,"83"
"1769",1769,"83"
"1770",1770,"83"
"1771",1771,"83"
"1772",1772,"83"
"1773",1773,"69"
"1774",1774,"83"
"1775",1775,"69"
"1776",1776,"83"
"1777",1777,"83"
"1778",1778,"81"
"1779",1779,"83"
"1780",1780,"83"
"1781",1781,"83"
"1782",1782,"81"
"1783",1783,"83"
"1784",1784,"83"
"1785",1785,"83"
"1786",1786,"83"
"1787",1787,"81"
"1788",1788,"83"
"1789",1789,"83"
"1790",1790,"83"
"1791",1791,"83"
"1792",1792,"83"
"1793",1793,"83"
"1794",1794,"81"
"1795",1795,"83"
"1796",1796,"83"
"1797",1797,"81"
"1798",1798,"83"
"1799",1799,"83"
"1800",1800,"83"
"1801",1801,"83"
"1802",1802,"83"
"1803",1803,"83"
"1804",1804,"83"
"1805",1805,"83"
"1806",1806,"83"
"1807",1807,"83"
"1808",1808,"83"
"1809",1809,"83"
"1810",1810,"83"
"1811",1811,"83"
"1812",1812,"81"
"1813",1813,"83"
"1814",1814,"83"
"1815",1815,"83"
"1816",1816,"81"
"1817",1817,"83"
"1818",1818,"83"
"1819",1819,"83"
"1820",1820,"83"
"1821",1821,"83"
"1822",1822,"83"
"1823",1823,"96"
"1824",1824,"81"
"1825",1825,"83"
"1826",1826,"81"
"1827",1827,"81"
"1828",1828,"81"
"1829",1829,"96"
"1830",1830,"83"
"1831",1831,"96"
"1832",1832,"96"
"1833",1833,"83"
"1834",1834,"83"
"1835",1835,"83"
"1836",1836,"96"
"1837",1837,"96"
"1838",1838,"83"
"1839",1839,"83"
"1840",1840,"83"
"1841",1841,"81"
"1842",1842,"81"
"1843",1843,"83"
"1844",1844,"83"
"1845",1845,"96"
"1846",1846,"83"
"1847",1847,"83"
"1848",1848,NA
"1849",1849,"83"
"1850",1850,"81"
"1851",1851,"96"
"1852",1852,"83"
"1853",1853,"96"
"1854",1854,"96"
"1855",1855,"96"
"1856",1856,"81"
"1857",1857,"83"
"1858",1858,"83"
"1859",1859,"83"
"1860",1860,"83"
"1861",1861,"83"
"1862",1862,"96"
"1863",1863,"96"
"1864",1864,"83"
"1865",1865,"81"
"1866",1866,"83"
"1867",1867,"96"
"1868",1868,"83"
"1869",1869,"96"
"1870",1870,"83"
"1871",1871,"96"
"1872",1872,"81"
"1873",1873,"83"
"1874",1874,NA
"1875",1875,"83"
"1876",1876,"83"
"1877",1877,"83"
"1878",1878,"83"
"1879",1879,"83"
"1880",1880,"83"
"1881",1881,NA
"1882",1882,"83"
"1883",1883,"83"
"1884",1884,"83"
"1885",1885,"96"
"1886",1886,"96"
"1887",1887,"96"
"1888",1888,"83"
"1889",1889,"96"
"1890",1890,"83"
"1891",1891,"83"
"1892",1892,"83"
"1893",1893,"83"
"1894",1894,"83"
"1895",1895,"83"
"1896",1896,"96"
"1897",1897,"96"
"1898",1898,"96"
"1899",1899,"83"
"1900",1900,"83"
"1901",1901,"83"
"1902",1902,"83"
"1903",1903,"96"
"1904",1904,NA
"1905",1905,"83"
"1906",1906,"96"
"1907",1907,"83"
"1908",1908,"83"
"1909",1909,"83"
"1910",1910,"81"
"1911",1911,"83"
"1912",1912,"83"
"1913",1913,"96"
"1914",1914,"83"
"1915",1915,"96"
"1916",1916,"83"
"1917",1917,"54"
"1918",1918,"54"
"1919",1919,"69"
"1920",1920,"69"
"1921",1921,"69"
"1922",1922,"38"
"1923",1923,"23"
"1924",1924,"38"
"1925",1925,"38"
"1926",1926,"38"
"1927",1927,"40"
"1928",1928,"50"
"1929",1929,"69"
"1930",1930,"69"
"1931",1931,"69"
"1932",1932,"69"
"1933",1933,"69"
"1934",1934,"69"
"1935",1935,"100"
"1936",1936,"96"
"1937",1937,"83"
"1938",1938,"83"
"1939",1939,"38"
"1940",1940,"38"
"1941",1941,"38"
"1942",1942,"38"
"1943",1943,"38"
"1944",1944,"23"
"1945",1945,"23"
"1946",1946,"23"
"1947",1947,"23"
"1948",1948,"23"
"1949",1949,"23"
"1950",1950,"23"
"1951",1951,"23"
"1952",1952,"23"
"1953",1953,"23"
"1954",1954,"23"
"1955",1955,"23"
"1956",1956,"52"
"1957",1957,"31"
"1958",1958,"31"
"1959",1959,"31"
"1960",1960,"31"
"1961",1961,"52"
"1962",1962,"52"
"1963",1963,"71"
"1964",1964,"52"
"1965",1965,"52"
"1966",1966,"52"
"1967",1967,"56"
"1968",1968,"38"
"1969",1969,"38"
"1970",1970,"100"
"1971",1971,"100"
"1972",1972,NA
"1973",1973,"83"
"1974",1974,"81"
"1975",1975,"81"
"1976",1976,"83"
"1977",1977,"83"
"1978",1978,"69"
"1979",1979,"83"
"1980",1980,"69"
"1981",1981,"100"
"1982",1982,"58"
"1983",1983,"100"
"1984",1984,"83"
"1985",1985,"69"
"1986",1986,"0"
"1987",1987,"35"
"1988",1988,"69"
"1989",1989,"58"
"1990",1990,"69"
"1991",1991,"50"
"1992",1992,"15"
"1993",1993,"69"
"1994",1994,"40"
"1995",1995,"100"
"1996",1996,"96"
"1997",1997,"83"
"1998",1998,"96"
"1999",1999,"96"
"2000",2000,"100"
"2001",2001,"23"
"2002",2002,"0"
"2003",2003,"35"
"2004",2004,"38"
"2005",2005,"25"
"2006",2006,"69"
"2007",2007,"25"
"2008",2008,"40"
"2009",2009,"8"
"2010",2010,"23"
"2011",2011,"0"
"2012",2012,"23"
"2013",2013,"23"
"2014",2014,"23"
"2015",2015,"23"
"2016",2016,"23"
"2017",2017,"23"
"2018",2018,"23"
"2019",2019,"23"
"2020",2020,"23"
"2021",2021,"23"
"2022",2022,"23"
"2023",2023,"23"
"2024",2024,"23"
"2025",2025,"23"
"2026",2026,"96"
"2027",2027,"83"
"2028",2028,"96"
"2029",2029,"83"
"2030",2030,"83"
"2031",2031,"83"
"2032",2032,"100"
"2033",2033,"100"
"2034",2034,"73"
"2035",2035,"83"
"2036",2036,"83"
"2037",2037,"100"
"2038",2038,"83"
"2039",2039,"81"
"2040",2040,"71"
"2041",2041,"81"
"2042",2042,"81"
"2043",2043,"83"
"2044",2044,"69"
"2045",2045,"69"
"2046",2046,"69"
"2047",2047,"100"
"2048",2048,"100"
"2049",2049,"69"
"2050",2050,"83"
"2051",2051,"83"
"2052",2052,"69"
"2053",2053,"38"
"2054",2054,"38"
"2055",2055,"8"
"2056",2056,NA
"2057",2057,"38"
"2058",2058,"8"
"2059",2059,"8"
"2060",2060,"83"
"2061",2061,"83"
"2062",2062,"25"
"2063",2063,"25"
"2064",2064,"69"
"2065",2065,"54"
"2066",2066,"54"
"2067",2067,"54"
"2068",2068,"54"
"2069",2069,"54"
"2070",2070,"25"
"2071",2071,"25"
"2072",2072,"54"
"2073",2073,"25"
"2074",2074,"23"
"2075",2075,"23"
"2076",2076,"25"
"2077",2077,"25"
"2078",2078,"25"
"2079",2079,"23"
"2080",2080,"25"
"2081",2081,"25"
"2082",2082,"25"
"2083",2083,"25"
"2084",2084,"25"
"2085",2085,"23"
"2086",2086,"25"
"2087",2087,"25"
"2088",2088,"25"
"2089",2089,"25"
"2090",2090,"100"
"2091",2091,"83"
"2092",2092,"83"
"2093",2093,"69"
"2094",2094,"69"
"2095",2095,"69"
"2096",2096,"69"
"2097",2097,"69"
"2098",2098,"69"
"2099",2099,"50"
"2100",2100,"48"
"2101",2101,"50"
"2102",2102,"50"
"2103",2103,"48"
"2104",2104,"83"
"2105",2105,"48"
"2106",2106,"83"
"2107",2107,"69"
"2108",2108,"85"
"2109",2109,"85"
"2110",2110,"85"
"2111",2111,"85"
"2112",2112,"85"
"2113",2113,"73"
"2114",2114,"69"
"2115",2115,"0"
"2116",2116,"15"
"2117",2117,"15"
"2118",2118,"56"
"2119",2119,"56"
"2120",2120,"69"
"2121",2121,"69"
"2122",2122,"56"
"2123",2123,"56"
"2124",2124,"56"
"2125",2125,"56"
"2126",2126,"56"
"2127",2127,"42"
"2128",2128,"58"
"2129",2129,"56"
"2130",2130,"56"
"2131",2131,"56"
"2132",2132,"69"
"2133",2133,"73"
"2134",2134,"73"
"2135",2135,"58"
"2136",2136,"96"
"2137",2137,"83"
"2138",2138,"52"
"2139",2139,"38"
"2140",2140,"38"
"2141",2141,"23"
"2142",2142,"23"
"2143",2143,"38"
"2144",2144,"23"
"2145",2145,"23"
"2146",2146,"23"
"2147",2147,"23"
"2148",2148,"23"
"2149",2149,"23"
"2150",2150,"35"
"2151",2151,"0"
"2152",2152,"35"
"2153",2153,"38"
"2154",2154,"23"
"2155",2155,"23"
"2156",2156,"23"
"2157",2157,"23"
"2158",2158,"23"
"2159",2159,"23"
"2160",2160,"23"
"2161",2161,"23"
"2162",2162,"23"
"2163",2163,"83"
"2164",2164,"25"
"2165",2165,"56"
"2166",2166,"25"
"2167",2167,"15"
"2168",2168,"23"
"2169",2169,"23"
"2170",2170,"15"
"2171",2171,"15"
"2172",2172,"15"
"2173",2173,"0"
"2174",2174,"15"
"2175",2175,"40"
"2176",2176,"40"
"2177",2177,"15"
"2178",2178,"23"
"2179",2179,"25"
"2180",2180,"25"
"2181",2181,"40"
"2182",2182,"25"
"2183",2183,"52"
"2184",2184,"52"
"2185",2185,"52"
"2186",2186,"52"
"2187",2187,"52"
"2188",2188,NA
"2189",2189,"38"
"2190",2190,"38"
"2191",2191,"63"
"2192",2192,"63"
"2193",2193,"63"
"2194",2194,"48"
"2195",2195,"63"
"2196",2196,"83"
"2197",2197,"63"
"2198",2198,"71"
"2199",2199,"38"
"2200",2200,"63"
"2201",2201,"31"
"2202",2202,"31"
"2203",2203,"31"
"2204",2204,"31"
"2205",2205,"31"
"2206",2206,"31"
"2207",2207,"31"
"2208",2208,"29"
"2209",2209,"29"
"2210",2210,"31"
"2211",2211,"31"
"2212",2212,"31"
"2213",2213,"31"
"2214",2214,"31"
"2215",2215,"31"
"2216",2216,"15"
"2217",2217,"31"
"2218",2218,"31"
"2219",2219,"31"
"2220",2220,"0"
"2221",2221,"31"
"2222",2222,"0"
"2223",2223,"83"
"2224",2224,"81"
"2225",2225,"83"
"2226",2226,"83"
"2227",2227,"83"
"2228",2228,"100"
"2229",2229,"69"
"2230",2230,"83"
"2231",2231,"69"
"2232",2232,"69"
"2233",2233,"69"
"2234",2234,"69"
"2235",2235,"69"
"2236",2236,"54"
"2237",2237,"69"
"2238",2238,"54"
"2239",2239,"69"
"2240",2240,"25"
"2241",2241,"25"
"2242",2242,"25"
"2243",2243,"50"
"2244",2244,"50"
"2245",2245,"50"
"2246",2246,"48"
"2247",2247,"48"
"2248",2248,"48"
"2249",2249,"38"
"2250",2250,"38"
"2251",2251,"48"
"2252",2252,"38"
"2253",2253,"38"
"2254",2254,"38"
"2255",2255,"48"
"2256",2256,"48"
"2257",2257,"48"
"2258",2258,"38"
"2259",2259,"38"
"2260",2260,"48"
"2261",2261,"38"
"2262",2262,"38"
"2263",2263,"48"
"2264",2264,"48"
"2265",2265,"38"
"2266",2266,"48"
"2267",2267,"48"
"2268",2268,"48"
"2269",2269,"48"
"2270",2270,"48"
"2271",2271,"63"
"2272",2272,"63"
"2273",2273,"63"
"2274",2274,NA
"2275",2275,"48"
"2276",2276,"48"
"2277",2277,"63"
"2278",2278,"71"
"2279",2279,"48"
"2280",2280,"38"
"2281",2281,"48"
"2282",2282,"48"
"2283",2283,"63"
"2284",2284,"63"
"2285",2285,"50"
"2286",2286,"69"
"2287",2287,"50"
"2288",2288,"40"
"2289",2289,"48"
"2290",2290,"38"
"2291",2291,"38"
"2292",2292,"38"
"2293",2293,"69"
"2294",2294,"50"
"2295",2295,"69"
"2296",2296,"38"
"2297",2297,"48"
"2298",2298,"48"
"2299",2299,"48"
"2300",2300,"29"
"2301",2301,"38"
"2302",2302,"50"
"2303",2303,"48"
"2304",2304,"69"
"2305",2305,"69"
"2306",2306,"69"
"2307",2307,"40"
"2308",2308,"73"
"2309",2309,"54"
"2310",2310,"69"
"2311",2311,"69"
"2312",2312,"73"
"2313",2313,"100"
"2314",2314,"42"
"2315",2315,"52"
"2316",2316,"52"
"2317",2317,"52"
"2318",2318,"52"
"2319",2319,"42"
"2320",2320,"42"
"2321",2321,"42"
"2322",2322,"52"
"2323",2323,"42"
"2324",2324,"42"
"2325",2325,"42"
"2326",2326,"42"
"2327",2327,"42"
"2328",2328,"42"
"2329",2329,"71"
"2330",2330,"73"
"2331",2331,"27"
"2332",2332,"0"
"2333",2333,"23"
"2334",2334,"40"
"2335",2335,"38"
"2336",2336,"38"
"2337",2337,"52"
"2338",2338,"38"
"2339",2339,"38"
"2340",2340,"52"
"2341",2341,"38"
"2342",2342,"38"
"2343",2343,"52"
"2344",2344,"38"
"2345",2345,"38"
"2346",2346,"38"
"2347",2347,"31"
"2348",2348,"31"
"2349",2349,"29"
"2350",2350,"31"
"2351",2351,"23"
"2352",2352,"23"
"2353",2353,"23"
"2354",2354,"23"
"2355",2355,"54"
"2356",2356,"23"
"2357",2357,"15"
"2358",2358,"100"
"2359",2359,"100"
"2360",2360,"83"
"2361",2361,"83"
"2362",2362,"83"
"2363",2363,"83"
"2364",2364,"69"
"2365",2365,"83"
"2366",2366,"83"
"2367",2367,"83"
"2368",2368,"83"
"2369",2369,"83"
"2370",2370,"83"
"2371",2371,"83"
"2372",2372,"48"
"2373",2373,"38"
"2374",2374,"38"
"2375",2375,"48"
"2376",2376,"48"
"2377",2377,"38"
"2378",2378,"38"
"2379",2379,"38"
"2380",2380,"38"
"2381",2381,"38"
"2382",2382,"38"
"2383",2383,"48"
"2384",2384,"48"
"2385",2385,"48"
"2386",2386,"38"
"2387",2387,"38"
"2388",2388,"38"
"2389",2389,"38"
"2390",2390,"38"
"2391",2391,"38"
"2392",2392,"38"
"2393",2393,"38"
"2394",2394,"38"
"2395",2395,"48"
"2396",2396,"48"
"2397",2397,"38"
"2398",2398,"48"
"2399",2399,"48"
"2400",2400,"63"
"2401",2401,NA
"2402",2402,"27"
"2403",2403,"54"
"2404",2404,"69"
"2405",2405,"69"
"2406",2406,"54"
"2407",2407,"54"
"2408",2408,NA
